{
  "au_mean": [
    0.9924749732017517,
    0.9498987793922424,
    1.086277723312378,
    0.9668123722076416,
    1.0694830417633057,
    1.0311793088912964,
    0.9055047035217285,
    1.011648416519165,
    0.970367431640625,
    1.022559642791748,
    1.0673401355743408,
    1.0480468273162842,
    1.0225962400436401,
    1.0256342887878418,
    1.0003645420074463,
    0.9271169304847717,
    0.9912079572677612
  ],
  "au_std": [
    0.6363288164138794,
    0.5633576512336731,
    0.584055483341217,
    0.6088822484016418,
    0.5924545526504517,
    0.5806599855422974,
    0.5721189379692078,
    0.6012858748435974,
    0.5435042977333069,
    0.5967910289764404,
    0.5809910893440247,
    0.5954014658927917,
    0.5698092579841614,
    0.554226279258728,
    0.5979017019271851,
    0.5417525172233582,
    0.5661458373069763
  ],
  "audio_mean": [
    0.5332868099212646,
    0.4891582131385803,
    0.47920235991477966,
    0.43383005261421204,
    0.5070918798446655,
    0.5345080494880676,
    0.49351856112480164,
    0.5053257346153259,
    0.46228650212287903,
    0.48657435178756714,
    0.5084645748138428,
    0.5029850602149963,
    0.49026578664779663,
    0.511005163192749,
    0.5038729906082153,
    0.5423263311386108,
    0.5294581651687622,
    0.4836236238479614,
    0.5320016145706177,
    0.5053274035453796,
    0.5063958764076233,
    0.4917968213558197,
    0.5872604846954346,
    0.5109950304031372,
    0.48018819093704224,
    0.48369285464286804,
    0.499770849943161,
    0.5066536068916321,
    0.46401557326316833,
    0.4658704400062561,
    0.5177867412567139,
    0.45193976163864136,
    0.5147826075553894,
    0.4962705969810486,
    0.46941664814949036,
    0.5524991750717163,
    0.5307889580726624,
    0.5542102456092834,
    0.4904746115207672,
    0.5071659088134766,
    0.4534761309623718,
    0.4537423849105835,
    0.47385910153388977,
    0.4670572876930237,
    0.5443366765975952,
    0.4804927110671997,
    0.5325576066970825,
    0.45268067717552185,
    0.5329936742782593,
    0.5275912284851074,
    0.4920589029788971,
    0.5610482692718506,
    0.5235859751701355,
    0.510370671749115,
    0.49587106704711914,
    0.49283599853515625,
    0.48379576206207275,
    0.4967385530471802,
    0.537440299987793,
    0.5360988974571228,
    0.4449102282524109,
    0.544786810874939,
    0.4747600257396698,
    0.4472150206565857,
    0.4976986050605774,
    0.5334757566452026,
    0.4897845685482025,
    0.48592013120651245,
    0.5340234637260437,
    0.5447962284088135,
    0.5216622948646545,
    0.5213236808776855,
    0.4927438497543335,
    0.5057187676429749,
    0.442121684551239,
    0.5316604375839233,
    0.481884628534317,
    0.5032671689987183,
    0.4601829946041107,
    0.4696355164051056,
    0.4529322385787964,
    0.4658573567867279,
    0.4850650429725647,
    0.4894581139087677
  ],
  "audio_std": [
    0.27556923031806946,
    0.3062500059604645,
    0.2663995325565338,
    0.27256375551223755,
    0.3068436086177826,
    0.2811892628669739,
    0.2884882986545563,
    0.2643570601940155,
    0.2668251097202301,
    0.26339656114578247,
    0.28662580251693726,
    0.30200353264808655,
    0.31062233448028564,
    0.27427974343299866,
    0.28841671347618103,
    0.26841917634010315,
    0.2942604124546051,
    0.27999481558799744,
    0.3189060389995575,
    0.2733379006385803,
    0.29055851697921753,
    0.29078295826911926,
    0.2848632037639618,
    0.31025680899620056,
    0.28152477741241455,
    0.2756606936454773,
    0.2698967754840851,
    0.29221311211586,
    0.2882562279701233,
    0.2933192253112793,
    0.3156775236129761,
    0.3092915415763855,
    0.281867653131485,
    0.2586827874183655,
    0.29223906993865967,
    0.284241259098053,
    0.28821849822998047,
    0.2963382601737976,
    0.3012550175189972,
    0.2949160933494568,
    0.3065997064113617,
    0.2847921550273895,
    0.26977047324180603,
    0.2919529676437378,
    0.28153088688850403,
    0.3043665885925293,
    0.26970455050468445,
    0.28027957677841187,
    0.30539047718048096,
    0.29787376523017883,
    0.2918435335159302,
    0.2761881351470947,
    0.3045545220375061,
    0.3029443025588989,
    0.2868708372116089,
    0.31011396646499634,
    0.2881838381290436,
    0.31715908646583557,
    0.28454503417015076,
    0.2733982503414154,
    0.2944581210613251,
    0.29057827591896057,
    0.27414366602897644,
    0.28158894181251526,
    0.2668721675872803,
    0.2928200364112854,
    0.2846529483795166,
    0.27449730038642883,
    0.32084500789642334,
    0.28017544746398926,
    0.2840728163719177,
    0.28525689244270325,
    0.28826433420181274,
    0.29647496342658997,
    0.30385980010032654,
    0.2928585708141327,
    0.2796747386455536,
    0.28478431701660156,
    0.2928290069103241,
    0.29060155153274536,
    0.270792692899704,
    0.2841266989707947,
    0.29114237427711487,
    0.284140020608902
  ],
  "neutral_pitch": 0.533286988735199,
  "neutral_pitch_std": 0.27556923031806946,
  "neutral_jitter": 0.4891582131385803,
  "neutral_shimmer": 0.47920235991477966,
  "neutral_rms": 0.43382999300956726,
  "neutral_au04": 1.086277723312378,
  "neutral_au07": 1.0311795473098755,
  "neutral_au09": 0.905504584312439,
  "neutral_au17": 1.0480467081069946,
  "neutral_au12": 0.9703676104545593,
  "neutral_valence": 0.1,
  "neutral_arousal": -0.1,
  "calibration_duration_sec": 90,
  "num_au_samples": 90,
  "num_audio_samples": 90,
  "calibrated_at": "2026-03-15T11:48:35.435135"
}